Staalnummer,Land,site,proefveld,year,diepte bodemstaalname,Staalnummering buitenland,plot,Behandeling,staaldiepte (cm onder maaiveld),start proef,textuurklasse,gewassen,gewassen (winter/zomer),yield (t/ha ),yield[t/ha],Column 14,max yield,relative_yield,,av rel yield,bodem P (mg/kg soil) (gekregen resultaten),P-AL (mg/kg),Column 20,P_ox,Al-ox (mg/kg),Fe-ox (mg/kg),P-ox (mmol/kg),Al-ox (mmol/kg),Fe-ox (mmol/kg),FVG (%),P_Olsen,P_CaCl2,P DGT (µg/L)
1,België1,Gembloux,Gembloux5,2015,,,8,P0,,1967,leem,wheat,wheat,"12,191,212,339",12.19121234,,12.3,99.4,94.9,94.9,,58.6,,216,611,2073,7,22.7,37.1,23.4,16.3,1.1,37.4
2,België1,Gembloux,Gembloux5,2015,,,9,P0,,1967,leem,wheat,wheat,"12,137,733,142",12.13773314,,12.3,99,,,,58.3,,216,620,2162,7,23,38.7,22.6,17.9,0.9,37.9
3,België1,Gembloux,Gembloux5,2015,,,21,P0,,1967,leem,wheat,wheat,"1,098,525,825",10.98525825,,12.3,89.6,,,,63.6,,242,855,2891,7.8,31.7,51.8,18.7,20.2,0.8,22.8
4,België1,Gembloux,Gembloux5,2015,,,31,P0,,1967,leem,wheat,wheat,"11,652,223,816",11.65222382,,12.3,95,,,,45.3,,201,627,2114,6.5,23.2,37.9,21.2,15.1,0.8,28.3
5,België1,Gembloux,Gembloux5,2015,,,48,P0,,1967,leem,wheat,wheat,"11,043,077,475",11.04307748,,12.3,90.1,,,,33.9,,216,721,2759,7,26.7,49.4,18.4,12.3,0.7,19.5
6,België1,Gembloux,Gembloux5,2015,,,54,P0,,1967,leem,wheat,wheat,"11,809,827,834",11.80982783,,12.3,96.3,,,,44,,362,848,2482,11.7,31.4,44.4,30.8,13.7,0.8,26.4
7,België1,Gembloux,Gembloux5,2015,,,2,P1,,1967,leem,wheat,wheat,"11,224,175,036",11.22417504,,12.3,91.5,98,98,,136.8,,346,912,2866,11.2,33.8,51.3,26.3,49.1,1.8,108.8
8,België1,Gembloux,Gembloux5,2015,,,5,P1,,1967,leem,wheat,wheat,"11,557,819,225",11.55781923,,12.3,94.3,,,,103.8,,306,879,2733,9.9,32.6,48.9,24.3,34.9,1.3,82.3
9,België1,Gembloux,Gembloux5,2015,,,13,P1,,1967,leem,wheat,wheat,"12,327,080,344",12.32708034,,12.3,100.5,,,,118.8,,285,715,2208,9.2,26.5,39.5,27.9,38.7,1.9,91.1
10,België1,Gembloux,Gembloux5,2015,,,43,P1,,1967,leem,wheat,wheat,"12,305,236,729",12.30523673,,12.3,100.3,,,,132.7,,314,640,2587,10.1,23.7,46.3,28.9,38.1,2.1,118.4
11,België1,Gembloux,Gembloux5,2015,,,50,P1,,1967,leem,wheat,wheat,"12,446,341,463",12.44634146,,12.3,101.5,,,,109.1,,293,729,2660,9.5,27,47.6,25.3,35.2,1.7,100.8
12,België1,Gembloux,Gembloux5,2015,,,51,P1,,1967,leem,wheat,wheat,"12,241,678,623",12.24167862,,12.3,99.8,,,,110.4,,306,731,2640,9.9,27.1,47.3,26.6,34.8,1.9,89.1
13,België1,Gembloux,Gembloux5,2015,,,6,P2,,1967,leem,wheat,wheat,"11,612,517,934",11.61251793,,12.3,94.7,100,100,,158,,363,836,2630,11.7,31,47.1,30,57.4,2.5,134.7
14,België1,Gembloux,Gembloux5,2015,,,14,P2,,1967,leem,wheat,wheat,"12,463,235,294",12.46323529,,12.3,101.6,,,,173.7,,376,803,2391,12.2,29.8,42.8,33.5,61.7,3.2,170.1
15,België1,Gembloux,Gembloux5,2015,,,18,P2,,1967,leem,wheat,wheat,"12,019,261,119",12.01926112,,12.3,98,,,,169.8,,234,697,2811,7.6,25.8,50.3,19.8,60.5,2.9,159
16,België1,Gembloux,Gembloux5,2015,,,29,P2,,1967,leem,wheat,wheat,"12,615,781,923",12.61578192,,12.3,102.9,,,,196.1,,385,672,2216,12.4,24.9,39.7,38.5,61,5.7,266.6
17,België1,Gembloux,Gembloux5,2015,,,35,P2,,1967,leem,wheat,wheat,"12,599,677,188",12.59967719,,12.3,102.7,,,,186,,388,751,2350,12.5,27.8,42.1,35.8,57.5,4.3,213
18,België1,Gembloux,Gembloux5,2015,,,46,P2,,1967,leem,wheat,wheat,"12,266,355,811",12.26635581,,12.3,100,,,,180.6,,401,705,2620,13,26.1,46.9,35.5,58.1,4.8,220.6
1,België1,Gembloux,Gembloux1,2011,,,8,P0,,1967,leem,sugarbeet,sugarbeet,"80,981,611,482",80.98161148,,95.8,84.5,,87.5,,58.6,,216,611,2073,7,22.7,37.1,23.4,16.3,1.1,37.4
2,België1,Gembloux,Gembloux1,2011,,,9,P0,,1967,leem,sugarbeet,sugarbeet,"82,151,274,706",82.15127471,,95.8,85.7,,,,58.3,,216,620,2162,7,23,38.7,22.6,17.9,0.9,37.9
3,België1,Gembloux,Gembloux1,2011,,,21,P0,,1967,leem,sugarbeet,sugarbeet,"91,950,525,404",91.9505254,,95.8,96,,,,63.6,,242,855,2891,7.8,31.7,51.8,18.7,20.2,0.8,22.8
4,België1,Gembloux,Gembloux1,2011,,,31,P0,,1967,leem,sugarbeet,sugarbeet,"86,103,242,644",86.10324264,,95.8,89.9,,,,45.3,,201,627,2114,6.5,23.2,37.9,21.2,15.1,0.8,28.3
5,België1,Gembloux,Gembloux1,2011,,,48,P0,,1967,leem,sugarbeet,sugarbeet,"69,462,511,604",69.4625116,,95.8,72.5,,,,33.9,,216,721,2759,7,26.7,49.4,18.4,12.3,0.7,19.5
6,België1,Gembloux,Gembloux1,2011,,,54,P0,,1967,leem,sugarbeet,sugarbeet,"92,263,340,819",92.26334082,,95.8,96.3,,,,44,,362,848,2482,11.7,31.4,44.4,30.8,13.7,0.8,26.4
7,België1,Gembloux,Gembloux1,2011,,,2,P1,,1967,leem,sugarbeet,sugarbeet,"86,629,090,086",86.62909009,,95.8,90.4,,99.5,,136.8,,346,912,2866,11.2,33.8,51.3,26.3,49.1,1.8,108.8
8,België1,Gembloux,Gembloux1,2011,,,5,P1,,1967,leem,sugarbeet,sugarbeet,"90,217,393,135",90.21739314,,95.8,94.1,,,,103.8,,306,879,2733,9.9,32.6,48.9,24.3,34.9,1.3,82.3
9,België1,Gembloux,Gembloux1,2011,,,13,P1,,1967,leem,sugarbeet,sugarbeet,"96,233,358,171",96.23335817,,95.8,100.4,,,,118.8,,285,715,2208,9.2,26.5,39.5,27.9,38.7,1.9,91.1
10,België1,Gembloux,Gembloux1,2011,,,43,P1,,1967,leem,sugarbeet,sugarbeet,"96,765,349,278",96.76534928,,95.8,101,,,,132.7,,314,640,2587,10.1,23.7,46.3,28.9,38.1,2.1,118.4
11,België1,Gembloux,Gembloux1,2011,,,50,P1,,1967,leem,sugarbeet,sugarbeet,"1,008,504,233",1.008504233,,95.8,105.2,,,,109.1,,293,729,2660,9.5,27,47.6,25.3,35.2,1.7,100.8
12,België1,Gembloux,Gembloux1,2011,,,51,P1,,1967,leem,sugarbeet,sugarbeet,"10,135,420,455",10.13542046,,95.8,105.8,,,,110.4,,306,731,2640,9.9,27.1,47.3,26.6,34.8,1.9,89.1
13,België1,Gembloux,Gembloux1,2011,,,6,P2,,1967,leem,sugarbeet,sugarbeet,"92,284,500,575",92.28450058,,95.8,96.3,,100,,158,,363,836,2630,11.7,31,47.1,30,57.4,2.5,134.7
14,België1,Gembloux,Gembloux1,2011,,,14,P2,,1967,leem,sugarbeet,sugarbeet,"96,627,011,543",96.62701154,,95.8,100.8,,,,173.7,,376,803,2391,12.2,29.8,42.8,33.5,61.7,3.2,170.1
15,België1,Gembloux,Gembloux1,2011,,,18,P2,,1967,leem,sugarbeet,sugarbeet,"92,895,763,811",92.89576381,,95.8,96.9,,,,169.8,,234,697,2811,7.6,25.8,50.3,19.8,60.5,2.9,159
16,België1,Gembloux,Gembloux1,2011,,,29,P2,,1967,leem,sugarbeet,sugarbeet,"96,870,437,993",96.87043799,,95.8,101.1,,,,196.1,,385,672,2216,12.4,24.9,39.7,38.5,61,5.7,266.6
17,België1,Gembloux,Gembloux1,2011,,,35,P2,,1967,leem,sugarbeet,sugarbeet,"96,434,178,777",96.43417878,,95.8,100.6,,,,186,,388,751,2350,12.5,27.8,42.1,35.8,57.5,4.3,213
18,België1,Gembloux,Gembloux1,2011,,,46,P2,,1967,leem,sugarbeet,sugarbeet,"99,863,887,412",99.86388741,,95.8,104.2,,,,180.6,,401,705,2620,13,26.1,46.9,35.5,58.1,4.8,220.6
1,België1,Gembloux,Gembloux3,2013,,,8,P0,,1967,leem,barley,barley,"1,020,871,935",1.020871935,,10.7,95.5,,90.6,,58.6,,216,611,2073,7,22.7,37.1,23.4,16.3,1.1,37.4
2,België1,Gembloux,Gembloux3,2013,,,9,P0,,1967,leem,barley,barley,"10,097,546,556",10.09754656,,10.7,94.5,,,,58.3,,216,620,2162,7,23,38.7,22.6,17.9,0.9,37.9
3,België1,Gembloux,Gembloux3,2013,,,21,P0,,1967,leem,barley,barley,"99,901,227,803",9.99012278,,10.7,93.5,,,,63.6,,242,855,2891,7.8,31.7,51.8,18.7,20.2,0.8,22.8
4,België1,Gembloux,Gembloux3,2013,,,31,P0,,1967,leem,barley,barley,"95,449,990,267",9.544999027,,10.7,89.3,,,,45.3,,201,627,2114,6.5,23.2,37.9,21.2,15.1,0.8,28.3
5,België1,Gembloux,Gembloux3,2013,,,48,P0,,1967,leem,barley,barley,"84,520,161,785",8.452016179,,10.7,79.1,,,,33.9,,216,721,2759,7,26.7,49.4,18.4,12.3,0.7,19.5
6,België1,Gembloux,Gembloux3,2013,,,54,P0,,1967,leem,barley,barley,"97,964,715,976",9.796471598,,10.7,91.7,,,,44,,362,848,2482,11.7,31.4,44.4,30.8,13.7,0.8,26.4
7,België1,Gembloux,Gembloux3,2013,,,2,P1,,1967,leem,barley,barley,"99,761,360,605",9.976136061,,10.7,93.4,,96.2,,136.8,,346,912,2866,11.2,33.8,51.3,26.3,49.1,1.8,108.8
8,België1,Gembloux,Gembloux3,2013,,,5,P1,,1967,leem,barley,barley,"10,139,650,909",10.13965091,,10.7,94.9,,,,103.8,,306,879,2733,9.9,32.6,48.9,24.3,34.9,1.3,82.3
9,België1,Gembloux,Gembloux3,2013,,,13,P1,,1967,leem,barley,barley,"1,044,807,971",10.44807971,,10.7,97.8,,,,118.8,,285,715,2208,9.2,26.5,39.5,27.9,38.7,1.9,91.1
10,België1,Gembloux,Gembloux3,2013,,,43,P1,,1967,leem,barley,barley,"10,263,080,106",10.26308011,,10.7,96.1,,,,132.7,,314,640,2587,10.1,23.7,46.3,28.9,38.1,2.1,118.4
11,België1,Gembloux,Gembloux3,2013,,,50,P1,,1967,leem,barley,barley,"10,263,080,106",10.26308011,,10.7,96.1,,,,109.1,,293,729,2660,9.5,27,47.6,25.3,35.2,1.7,100.8
12,België1,Gembloux,Gembloux3,2013,,,51,P1,,1967,leem,barley,barley,"10,549,735,766",10.54973577,,10.7,98.7,,,,110.4,,306,731,2640,9.9,27.1,47.3,26.6,34.8,1.9,89.1
13,België1,Gembloux,Gembloux3,2013,,,6,P2,,1967,leem,barley,barley,"10,174,257,226",10.17425723,,10.7,95.2,,100,,158,,363,836,2630,11.7,31,47.1,30,57.4,2.5,134.7
14,België1,Gembloux,Gembloux3,2013,,,14,P2,,1967,leem,barley,barley,"10,610,296,821",10.61029682,,10.7,99.3,,,,173.7,,376,803,2391,12.2,29.8,42.8,33.5,61.7,3.2,170.1
15,België1,Gembloux,Gembloux3,2013,,,18,P2,,1967,leem,barley,barley,"10,875,323,533",10.87532353,,10.7,101.8,,,,169.8,,234,697,2811,7.6,25.8,50.3,19.8,60.5,2.9,159
16,België1,Gembloux,Gembloux3,2013,,,29,P2,,1967,leem,barley,barley,"10,899,836,341",10.89983634,,10.7,102,,,,196.1,,385,672,2216,12.4,24.9,39.7,38.5,61,5.7,266.6
17,België1,Gembloux,Gembloux3,2013,,,35,P2,,1967,leem,barley,barley,"10,797,891,899",10.7978919,,10.7,101.1,,,,186,,388,751,2350,12.5,27.8,42.1,35.8,57.5,4.3,213
18,België1,Gembloux,Gembloux3,2013,,,46,P2,,1967,leem,barley,barley,"10,748,866,283",10.74886628,,10.7,100.6,,,,180.6,,401,705,2620,13,26.1,46.9,35.5,58.1,4.8,220.6
1,België1,Gembloux,Gembloux4,2014,,,8,P0,,1967,leem,flax,flax,0.267,0.267,,1.1,24,,,,58.6,,216,611,2073,7,22.7,37.1,23.4,16.3,1.1,37.4
2,België1,Gembloux,Gembloux4,2014,,,9,P0,,1967,leem,flax,flax,0.564,0.564,,1.1,50.8,,,,58.3,,216,620,2162,7,23,38.7,22.6,17.9,0.9,37.9
3,België1,Gembloux,Gembloux4,2014,,,21,P0,,1967,leem,flax,flax,0.955,0.955,,1.1,86,,,,63.6,,242,855,2891,7.8,31.7,51.8,18.7,20.2,0.8,22.8
4,België1,Gembloux,Gembloux4,2014,,,31,P0,,1967,leem,flax,flax,0.659,0.659,,1.1,59.3,,49.1,,45.3,,201,627,2114,6.5,23.2,37.9,21.2,15.1,0.8,28.3
5,België1,Gembloux,Gembloux4,2014,,,48,P0,,1967,leem,flax,flax,0.365,0.365,,1.1,32.9,,,,33.9,,216,721,2759,7,26.7,49.4,18.4,12.3,0.7,19.5
6,België1,Gembloux,Gembloux4,2014,,,54,P0,,1967,leem,flax,flax,0.461,0.461,,1.1,41.5,,,,44,,362,848,2482,11.7,31.4,44.4,30.8,13.7,0.8,26.4
7,België1,Gembloux,Gembloux4,2014,,,2,P1,,1967,leem,flax,flax,0.904,0.904,,1.1,81.4,,,,136.8,,346,912,2866,11.2,33.8,51.3,26.3,49.1,1.8,108.8
8,België1,Gembloux,Gembloux4,2014,,,5,P1,,1967,leem,flax,flax,1,1.344,,1.1,121,,,,103.8,,306,879,2733,9.9,32.6,48.9,24.3,34.9,1.3,82.3
9,België1,Gembloux,Gembloux4,2014,,,13,P1,,1967,leem,flax,flax,0.774,0.774,,1.1,69.7,,,,118.8,,285,715,2208,9.2,26.5,39.5,27.9,38.7,1.9,91.1
10,België1,Gembloux,Gembloux4,2014,,,43,P1,,1967,leem,flax,flax,1,1.081,,1.1,97.3,,91.3,,132.7,,314,640,2587,10.1,23.7,46.3,28.9,38.1,2.1,118.4
11,België1,Gembloux,Gembloux4,2014,,,50,P1,,1967,leem,flax,flax,0.957,0.957,,1.1,86.1,,,,109.1,,293,729,2660,9.5,27,47.6,25.3,35.2,1.7,100.8
12,België1,Gembloux,Gembloux4,2014,,,51,P1,,1967,leem,flax,flax,1.027,1.027,,1.1,92.4,,,,110.4,,306,731,2640,9.9,27.1,47.3,26.6,34.8,1.9,89.1
13,België1,Gembloux,Gembloux4,2014,,,6,P2,,1967,leem,flax,flax,1.193,1.193,,1.1,107.4,,,,158,,363,836,2630,11.7,31,47.1,30,57.4,2.5,134.7
14,België1,Gembloux,Gembloux4,2014,,,14,P2,,1967,leem,flax,flax,1.073,1.073,,1.1,96.6,,,,173.7,,376,803,2391,12.2,29.8,42.8,33.5,61.7,3.2,170.1
15,België1,Gembloux,Gembloux4,2014,,,18,P2,,1967,leem,flax,flax,1.296,1.296,,1.1,116.7,,,,169.8,,234,697,2811,7.6,25.8,50.3,19.8,60.5,2.9,159
16,België1,Gembloux,Gembloux4,2014,,,29,P2,,1967,leem,flax,flax,1.077,1.077,,1.1,96.9,,,,196.1,,385,672,2216,12.4,24.9,39.7,38.5,61,5.7,266.6
17,België1,Gembloux,Gembloux4,2014,,,35,P2,,1967,leem,flax,flax,0.924,0.924,,1.1,83.2,,,,186,,388,751,2350,12.5,27.8,42.1,35.8,57.5,4.3,213
18,België1,Gembloux,Gembloux4,2014,,,46,P2,,1967,leem,flax,flax,1.103,1.103,,1.1,99.3,,,,180.6,,401,705,2620,13,26.1,46.9,35.5,58.1,4.8,220.6
1,België1,Gembloux,Gembloux2,2012,,,8,P0,,1967,leem,wheat,wheat,"99,210,329,986",9.92,,9.9,100.3,,98.4,,58.6,,216,611,2073,7,22.7,37.1,23.4,16.3,1.1,37.4
2,België1,Gembloux,Gembloux2,2012,,,9,P0,,1967,leem,wheat,wheat,"95,238,163,558",9.52,,9.9,96.3,,,,58.3,,216,620,2162,7,23,38.7,22.6,17.9,0.9,37.9
3,België1,Gembloux,Gembloux2,2012,,,21,P0,,1967,leem,wheat,wheat,"10,092,223,816",10.09222382,,9.9,102,,,,63.6,,242,855,2891,7.8,31.7,51.8,18.7,20.2,0.8,22.8
4,België1,Gembloux,Gembloux2,2012,,,31,P0,,1967,leem,wheat,wheat,"95,566,571,019",9.56,,9.9,96.6,,,,45.3,,201,627,2114,6.5,23.2,37.9,21.2,15.1,0.8,28.3
5,België1,Gembloux,Gembloux2,2012,,,48,P0,,1967,leem,wheat,wheat,"96,486,370,158",9.65,,9.9,97.5,,,,33.9,,216,721,2759,7,26.7,49.4,18.4,12.3,0.7,19.5
6,België1,Gembloux,Gembloux2,2012,,,54,P0,,1967,leem,wheat,wheat,"96,819,081,779",9.68,,9.9,97.9,,,,44,,362,848,2482,11.7,31.4,44.4,30.8,13.7,0.8,26.4
7,België1,Gembloux,Gembloux2,2012,,,2,P1,,1967,leem,wheat,wheat,"97,151,793,400",9.71517934,,9.9,98.2,,98.9,,136.8,,346,912,2866,11.2,33.8,51.3,26.3,49.1,1.8,108.8
8,België1,Gembloux,Gembloux2,2012,,,5,P1,,1967,leem,wheat,wheat,"99,779,196,557",9.98,,9.9,100.9,,,,103.8,,306,879,2733,9.9,32.6,48.9,24.3,34.9,1.3,82.3
9,België1,Gembloux,Gembloux2,2012,,,13,P1,,1967,leem,wheat,wheat,"92,019,368,723",9.2,,9.9,93,,,,118.8,,285,715,2208,9.2,26.5,39.5,27.9,38.7,1.9,91.1
10,België1,Gembloux,Gembloux2,2012,,,43,P1,,1967,leem,wheat,wheat,"101,595,839,310",10.15958393,,9.9,102.7,,,,132.7,,314,640,2587,10.1,23.7,46.3,28.9,38.1,2.1,118.4
11,België1,Gembloux,Gembloux2,2012,,,50,P1,,1967,leem,wheat,wheat,"93,381,348,637",9.34,,9.9,94.4,,,,109.1,,293,729,2660,9.5,27,47.6,25.3,35.2,1.7,100.8
12,België1,Gembloux,Gembloux2,2012,,,51,P1,,1967,leem,wheat,wheat,"10,319,971,306",10.31997131,,9.9,104.3,,,,110.4,,306,731,2640,9.9,27.1,47.3,26.6,34.8,1.9,89.1
13,België1,Gembloux,Gembloux2,2012,,,6,P2,,1967,leem,wheat,wheat,"99,551,649,928",9.96,,9.9,100.6,,100,,158,,363,836,2630,11.7,31,47.1,30,57.4,2.5,134.7
14,België1,Gembloux,Gembloux2,2012,,,14,P2,,1967,leem,wheat,wheat,"99,779,196,557",9.98,,9.9,100.9,,,,173.7,,376,803,2391,12.2,29.8,42.8,33.5,61.7,3.2,170.1
15,België1,Gembloux,Gembloux2,2012,,,18,P2,,1967,leem,wheat,wheat,"97,151,793,400",9.71517934,,9.9,98.2,,,,169.8,,234,697,2811,7.6,25.8,50.3,19.8,60.5,2.9,159
16,België1,Gembloux,Gembloux2,2012,,,29,P2,,1967,leem,wheat,wheat,"10,046,140,603",10.0461406,,9.9,101.6,,,,196.1,,385,672,2216,12.4,24.9,39.7,38.5,61,5.7,266.6
17,België1,Gembloux,Gembloux2,2012,,,35,P2,,1967,leem,wheat,wheat,"10,481,219,512",10.48121951,,9.9,106,,,,186,,388,751,2350,12.5,27.8,42.1,35.8,57.5,4.3,213
18,België1,Gembloux,Gembloux2,2012,,,46,P2,,1967,leem,wheat,wheat,"91,703,873,745",9.17,,9.9,92.7,,,,180.6,,401,705,2620,13,26.1,46.9,35.5,58.1,4.8,220.6
19,Duitsland,Rostock,Rostock2,2015,,,26,org1min1,,1998,zandleem,maize,maize,11.9,11.9,,11.9,100,,,,187.5,,419,629,1919,13.5,23.3,34.4,46.9,45.4,4.8,211.2
20,Duitsland,Rostock,Rostock2,2015,,,48,org1min1,,1998,zandleem,maize,maize,12.3,12.3,,11.9,103.4,,,,130.8,,343,594,2003,11.1,22,35.9,38.2,37.5,2.5,125.4
21,Duitsland,Rostock,Rostock2,2015,,,77,org1min1,,1998,zandleem,maize,maize,11.6,11.6,,11.9,97.5,,,,157.2,,395,643,1941,12.7,23.8,34.8,43.5,40.9,3.1,143
22,Duitsland,Rostock,Rostock2,2015,,,136,org1min1,,1998,zandleem,maize,maize,11.8,11.8,,11.9,99.2,,,,113.2,,402,718,1836,13,26.6,32.9,43.7,36.2,2.6,121.8
23,Duitsland,Rostock,Rostock2,2015,,,27,org1min0,,1998,zandleem,maize,maize,13.6,13.6,,11.9,114.3,,,,166.1,,363,595,1978,11.7,22,35.4,40.8,34.2,2.7,124.9
24,Duitsland,Rostock,Rostock2,2015,,,46,org1min0,,1998,zandleem,maize,maize,12.3,12.3,,11.9,103.4,,,,131.7,,364,650,2433,11.7,24.1,43.6,34.7,34.3,2.6,123.2
25,Duitsland,Rostock,Rostock2,2015,,,76,org1min0,,1998,zandleem,maize,maize,12,12,,11.9,100.8,,,,118.2,,348,627,1926,11.2,23.3,34.5,38.9,34.5,2.2,107.5
26,Duitsland,Rostock,Rostock2,2015,,,137,org1min0,,1998,zandleem,maize,maize,12.9,12.9,,11.9,108.4,,,,141.5,,408,690,1855,13.2,25.6,33.2,44.8,36.5,2.5,117.5
27,Duitsland,Rostock,Rostock1,2015,,,24,org0min1,,1998,zandleem,maize,maize,12.8,12.8,,11.6,110.8,,,,169.6,,412,639,2073,13.3,23.7,37.1,43.7,44.4,2.4,134.8
28,Duitsland,Rostock,Rostock1,2015,,,53,org0min1,,1998,zandleem,maize,maize,11,11,,11.6,95.2,,,,100.9,,309,573,2012,10,21.2,36,34.8,32.8,3.9,73.5
29,Duitsland,Rostock,Rostock1,2015,,,74,org0min1,,1998,zandleem,maize,maize,11,11,,11.6,95.2,,,,121.3,,337,619,1964,10.9,22.9,35.2,37.4,37.4,2.2,105.7
30,Duitsland,Rostock,Rostock1,2015,,,142,org0min1,,1998,zandleem,maize,maize,11.4,11.4,,11.6,98.7,,,,122.3,,392,666,1908,12.6,24.7,34.2,43,37.9,1.7,86.2
31,Duitsland,Rostock,Rostock1,2015,,,22,org0min0,,1998,zandleem,maize,maize,11.3,11.3,,11.6,97.8,,,,101.7,,333,629,1983,10.8,23.3,35.5,36.6,30.9,1.7,76.7
32,Duitsland,Rostock,Rostock1,2015,,,52,org0min0,,1998,zandleem,maize,maize,10.7,10.7,,11.6,92.6,,,,79.8,,287,607,2353,9.3,22.5,42.1,28.7,21.8,1.4,58.2
33,Duitsland,Rostock,Rostock1,2015,,,75,org0min0,,1998,zandleem,maize,maize,10.3,10.3,,11.6,89.2,,,,88.9,,298,627,1945,9.6,23.2,34.8,33.1,25.8,1.5,75.6
34,Duitsland,Rostock,Rostock1,2015,,,144,org0min0,,1998,zandleem,maize,maize,10.4,10.4,,11.6,90,,,,98.4,,354,691,1994,11.4,25.6,35.7,37.3,30.4,1.1,50.8
35,Frankrijk,Carcares,Carcares,2004,,T 51753,,P 0-0,0-20,1972,zand,maize,maize,"13,564,308,077",13.56,,15.5,87.5,,92,17.4,50.4,,148,318,747,4.8,11.8,13.4,38.1,23,2.2,75.7
36,Frankrijk,Carcares,Carcares,2004,,T 51755,,P 0-1,0-20,1972,zand,maize,maize,"14,273,665,614",14.27,,15.5,92.1,,91.1,20.5,58.7,,181,410,956,5.8,15.2,17.1,36.1,18.6,2,74.2
37,Frankrijk,Carcares,Carcares,2004,,T 51757,,P 0-2,0-20,1972,zand,maize,maize,"14,916,686,164",14.92,,15.5,96.3,,94.5,44.5,152.8,,255,355,767,8.2,13.2,13.7,61.1,47.4,8.3,775.1
38,Frankrijk,Carcares,Carcares,2004,,T 51759,,P 0-3,0-20,1972,zand,maize,maize,"15,669,257,028",15.67,,15.5,101.1,,99.1,77.6,246.4,,432,482,1085,14,17.9,19.4,74.8,76.1,19.1,1751.4
39,Frankrijk,Carcares,Carcares,2004,,T 51761,,P 1.5,0-20,1972,zand,maize,maize,"15,083,550,344",15.08,,15.5,97.3,,100.4,58,185.4,,697,875,2070,22.5,32.4,37.1,64.7,59.8,10.9,733.9
40,Frankrijk,Carcares,Carcares,2004,,T 51763,,P 3,0-20,1972,zand,maize,maize,"14,823,418,367",14.82,,15.5,95.6,,100,67.1,254.9,,473,489,1025,15.3,18.1,18.4,83.7,71.3,16.8,1393.3
41,Frankrijk,Carcares,Carcares,2004,,T 51765,,P 0-0,0-20,1972,zand,maize,maize,"15,232,951,858",15.23,,15.5,98.3,,,14,41.3,,173,409,1237,5.6,15.2,22.1,29.9,15,1.1,41.6
42,Frankrijk,Carcares,Carcares,2004,,T 51767,,P 0-1,0-20,1972,zand,maize,maize,"14,435,594,561",14.44,,15.5,93.1,,,22.2,57.8,,177,398,996,5.7,14.8,17.8,35.1,23.7,2.4,82.4
43,Frankrijk,Carcares,Carcares,2004,,T 51769,,P 0-2,0-20,1972,zand,maize,maize,"15,362,225,456",15.36,,15.5,99.1,,,29.2,86.1,,225,503,1254,7.3,18.7,22.5,35.3,30.1,2.5,108.6
44,Frankrijk,Carcares,Carcares,2004,,T 51771,,P 0-3,0-20,1972,zand,maize,maize,"14,805,603,098",14.81,,15.5,95.5,,,56.7,172.3,,248,342,701,8,12.7,12.5,63.4,56.4,12,1240.8
45,Frankrijk,Carcares,Carcares,2004,,T 51773,,P 1.5,0-20,1972,zand,maize,maize,"16,323,698,453",16.32,,15.5,105.3,,,61.9,199.6,,434,605,1321,14,22.4,23.6,60.8,64.4,9,682
46,Frankrijk,Carcares,Carcares,2004,,T 51775,,P 3,0-20,1972,zand,maize,maize,"16,479,308,615",16.48,,15.5,106.3,,,74.6,259.8,,509,522,1191,16.4,19.3,21.3,80.9,78.7,15,1062.2
47,Frankrijk,Carcares,Carcares,2004,,T 51777,,P 0-0,0-20,1972,zand,maize,maize,"14,151,819,999",14.15,,15.5,91.3,,,24,58.5,,193,413,939,6.2,15.3,16.8,38.8,22.5,2.7,79.9
48,Frankrijk,Carcares,Carcares,2004,,T 51779,,P 0-1,0-20,1972,zand,maize,maize,"13,757,420,611",13.76,,15.5,88.8,,,26.2,81.7,,172,323,755,5.5,12,13.5,43.4,23.2,3.4,141.9
49,Frankrijk,Carcares,Carcares,2004,,T 51781,,P 0-2,0-20,1972,zand,maize,maize,"13,812,726,448",13.81,,15.5,89.1,,,29.2,70.9,,203,388,893,6.5,14.4,16,43.1,28.8,4.4,159.5
50,Frankrijk,Carcares,Carcares,2004,,T 51783,,P 0-3,0-20,1972,zand,maize,maize,"14,946,902,944",14.95,,15.5,96.4,,,50.6,141.3,,265,446,967,8.6,16.5,17.3,50.6,50.2,11.9,1077.9
51,Frankrijk,Carcares,Carcares,2004,,T 51785,,P 1.5,0-20,1972,zand,maize,maize,"15,130,420,934",15.13,,15.5,97.6,,,41.4,146,,288,429,1138,9.3,15.9,20.4,51.3,41.4,7,588.9
52,Frankrijk,Carcares,Carcares,2004,,T 51787,,P 3,0-20,1972,zand,maize,maize,"15,117,312,941",15.12,,15.5,97.5,,,64.5,278.3,,444,462,920,14.3,17.1,16.5,85.4,64.9,15.8,1470.5
53,Frankrijk,Carcares,Carcares,2004,,T 51789,,P 0-0,0-20,1972,zand,maize,maize,"14,073,495,498",14.07,,15.5,90.8,,,24,70.4,,208,435,942,6.7,16.1,16.9,40.6,24.2,2.2,63
54,Frankrijk,Carcares,Carcares,2004,,T 51791,,P 0-1,0-20,1972,zand,maize,maize,"14,029,049,658",14.03,,15.5,90.5,,,22.7,64.6,,172,355,1060,5.5,13.2,19,34.5,24.6,2.7,105.8
55,Frankrijk,Carcares,Carcares,2004,,T 51793,,P 0-2,0-20,1972,zand,maize,maize,"14,489,541,607",14.49,,15.5,93.5,,,35.8,97.9,,186,319,694,6,11.8,12.4,49.6,35.1,7.4,457.3
56,Frankrijk,Carcares,Carcares,2004,,T 51795,,P 0-3,0-20,1972,zand,maize,maize,"15,984,215,673",15.98,,15.5,103.1,,,47.5,156.2,,210,358,762,6.8,13.3,13.6,50.3,45.2,9,692.5
57,Frankrijk,Carcares,Carcares,2004,,T 51797,,P 1.5,0-20,1972,zand,maize,maize,"15,672,481,246",15.67,,15.5,101.1,,,45.3,150.4,,263,399,890,8.5,14.8,15.9,55.3,45.8,7.4,572.6
58,Frankrijk,Carcares,Carcares,2004,,T 51799,,P 3,0-20,1972,zand,maize,maize,"15,570,949,332",15.57,,15.5,100.5,,,76.3,278.7,,545,550,1280,17.6,20.4,22.9,81.3,74.8,17.1,1721.9
59,Frankrijk,Pierroton,Pierroton,2015,,T60041,,P0.5,0-25,1995,zand,maize,maize,"84,115,027,765",8.412,,13.9,60.5,,60.9,7,15.3,,39,1194,352,1.2,44.3,6.3,4.9,6.9,0.4,5.4
60,Frankrijk,Pierroton,Pierroton,2015,,T60044,,P0.75,0-25,1995,zand,maize,maize,"12,058,578,964",12.06,,13.9,86.7,,81.4,9.6,22.4,,34,558,229,1.1,20.7,4.1,8.9,10,0.5,11.3
61,Frankrijk,Pierroton,Pierroton,2015,,T60047,,P1,0-25,1995,zand,maize,maize,"12,853,581,542",12.85,,13.9,92.4,,92.3,18.3,48.6,,72,702,482,2.3,26,8.6,13.4,20.1,0.5,20.4
62,Frankrijk,Pierroton,Pierroton,2015,,T60050,,P2,0-25,1995,zand,maize,maize,"10,901,346,043",10.9,,13.9,78.4,,94.2,19.6,52.8,,45,233,150,1.5,8.6,2.7,25.7,22.5,3,107.8
63,Frankrijk,Pierroton,Pierroton,2015,,T60053,,P4,0-25,1995,zand,maize,maize,"14,472,195,496",14.47,,13.9,104,,100,42.7,81.8,,105,327,206,3.4,12.1,3.7,42.9,44.4,6.7,274.9
64,Frankrijk,Pierroton,Pierroton,2015,,T60056,,P0.5,0-25,1995,zand,maize,maize,"82,892,215,994",8.289,,13.9,59.6,,,4.4,10.7,,29,603,326,0.9,22.4,5.8,6.6,4.5,0.4,3.6
65,Frankrijk,Pierroton,Pierroton,2015,,T60059,,P0.75,0-25,1995,zand,maize,maize,"10,152,556,068",10.15,,13.9,73,,,4.4,11.8,,27,602,253,0.9,22.3,4.5,6.5,5.1,0.5,8.9
66,Frankrijk,Pierroton,Pierroton,2015,,T60062,,P1,0-25,1995,zand,maize,maize,"12,732,053,158",12.73,,13.9,91.5,,,13.5,34.7,,44,276,195,1.4,10.2,3.5,20.6,13.4,1.9,96
67,Frankrijk,Pierroton,Pierroton,2015,,T60065,,P2,0-25,1995,zand,maize,maize,"13,795,187,022",13.8,,13.9,99.2,,,16.6,29.8,,42,210,182,1.3,7.8,3.3,24.4,20.3,2.9,140
68,Frankrijk,Pierroton,Pierroton,2015,,T60068,,P4,0-25,1995,zand,maize,maize,"13,561,381,203",13.56,,13.9,97.5,,,50.1,124.6,,132,531,220,4.3,19.7,3.9,36.1,48,3,149.7
69,Frankrijk,Pierroton,Pierroton,2015,,T60071,,P0.5,0-25,1995,zand,maize,maize,"81,704,772,754",8.17,,13.9,58.7,,,3.1,7.1,,23,224,205,0.7,8.3,3.7,4.5,4.3,0.7,25
70,Frankrijk,Pierroton,Pierroton,2015,,T60074,,P0.75,0-25,1995,zand,maize,maize,"10,591,946,874",10.59,,13.9,76.1,,,5.7,19.2,,43,963,304,1.4,35.7,5.4,6.8,6.6,0.4,5.9
71,Frankrijk,Pierroton,Pierroton,2015,,T60077,,P1,0-25,1995,zand,maize,maize,"12,604,875,273",12.6,,13.9,90.6,,,10.9,18.8,,31,192,192,1,7.1,3.4,18.7,10.7,3.2,148.7
72,Frankrijk,Pierroton,Pierroton,2015,,T60080,,P2,0-25,1995,zand,maize,maize,"14,032,302,383",14.03,,13.9,100.9,,,26.2,60.7,,78,698,248,2.5,25.9,4.4,16.6,28.1,0.8,29
73,Frankrijk,Pierroton,Pierroton,2015,,T60083,,P4,0-25,1995,zand,maize,maize,"13,144,834,003",13.14,,13.9,94.5,,,21.4,51.5,,66,348,220,2.1,12.9,3.9,25.3,21.9,2.4,95.8
74,Frankrijk,Pierroton,Pierroton,2015,,T60086,,P0.5,0-25,1995,zand,maize,maize,"90,070,527,269",9.007,,13.9,64.8,,,6.1,16.7,,34,736,239,1.1,27.3,4.3,6.9,7.6,0.4,6.5
75,Frankrijk,Pierroton,Pierroton,2015,,T60089,,P0.75,0-25,1995,zand,maize,maize,"12,499,831,355",12.5,,13.9,89.9,,,6.1,11.7,,24,329,216,0.8,12.2,3.9,9.7,7.3,1.1,32
76,Frankrijk,Pierroton,Pierroton,2015,,T60092,,P1,0-25,1995,zand,maize,maize,"13,158,201,457",13.16,,13.9,94.6,,,21.4,50.9,,78,1114,428,2.5,41.3,7.7,10.3,21.8,0.5,15.3
77,Frankrijk,Pierroton,Pierroton,2015,,T60095,,P2,0-25,1995,zand,maize,maize,"13,664,748,218",13.66,,13.9,98.2,,,20.5,58,,79,641,543,2.5,23.8,9.7,15.2,20.7,0.7,29.1
78,Frankrijk,Pierroton,Pierroton,2015,,T60098,,P4,0-25,1995,zand,maize,maize,"14,462,997,165",14.46,,13.9,104,,,37.1,114.3,,105,454,204,3.4,16.8,3.6,33,35.4,2.9,197.6
79,Frankrijk,Toulouse,Toulouse,2006,,,17,P0,,1968,leem-klei,wheat,wheat,"3,098",3.1,,5.9,52.8,,70.9,2.6,7.3,,64,461,1342,2.1,17.1,24,10.1,3.4,0.4,6.4
80,Frankrijk,Toulouse,Toulouse,2006,,,18,P2,,1968,leem-klei,wheat,wheat,"5,413",5.41,,5.9,92.2,,96.8,12.6,52.5,,122,512,1365,3.9,19,24.4,18.1,13.9,0.8,25.2
81,Frankrijk,Toulouse,Toulouse,2006,,,19,P4,,1968,leem-klei,wheat,wheat,"5,458",5.46,,5.9,93,,99,29.6,81.3,,184,554,1416,5.9,20.5,25.4,25.8,26.3,1.5,64.8
82,Frankrijk,Toulouse,Toulouse,2006,,,20,P1,,1968,leem-klei,wheat,wheat,"5,483",5.48,,5.9,93.4,,100,10.5,39.5,,123,574,1456,4,21.3,26.1,16.8,11.8,1.1,33.6
83,Frankrijk,Toulouse,Toulouse,2006,,,21,P2,,1968,leem-klei,wheat,wheat,"5,949",5.95,,5.9,101.4,,,14.4,55.9,,132,606,1200,4.3,22.5,21.5,19.3,14.2,1.2,30.7
84,Frankrijk,Toulouse,Toulouse,2006,,,22,P0,,1968,leem-klei,wheat,wheat,"3,692",3.69,,5.9,62.9,,,3.9,16.3,,87,596,1233,2.8,22.1,22.1,12.7,4.5,0.7,7
85,Frankrijk,Toulouse,Toulouse,2006,,,23,P1,,1968,leem-klei,wheat,wheat,"5,576",5.58,,5.9,95,,,6.1,33.3,,109,637,1258,3.5,23.6,22.5,15.2,7.6,0.9,16.6
86,Frankrijk,Toulouse,Toulouse,2006,,,24,P4,,1968,leem-klei,wheat,wheat,"5,858",5.86,,5.9,99.8,,,26.6,116.8,,218,672,1338,7.1,24.9,24,28.9,25.1,1.8,60.1
87,Frankrijk,Toulouse,Toulouse,2006,,,25,P4,,1968,leem-klei,wheat,wheat,"5,949",5.95,,5.9,101.4,,,33.1,131.6,,214,702,1446,6.9,26,25.9,26.6,27.3,1.9,61.2
88,Frankrijk,Toulouse,Toulouse,2006,,,26,P1,,1968,leem-klei,wheat,wheat,"5,480",5.48,,5.9,93.4,,,7.4,63.8,,149,715,1446,4.8,26.5,25.9,18.3,8.6,0.9,11.9
89,Frankrijk,Toulouse,Toulouse,2006,,,27,P2,,1968,leem-klei,wheat,wheat,"6,196",6.2,,5.9,105.6,,,11.8,83,,173,703,1376,5.6,26,24.6,22,9.6,1.1,17.2
90,Frankrijk,Toulouse,Toulouse,2006,,,28,P0,,1968,leem-klei,wheat,wheat,"4,747",4.75,,5.9,80.9,,,4.8,59.8,,159,733,1413,5.1,27.2,25.3,19.6,6.1,0.8,6.3
91,Frankrijk,Toulouse,Toulouse,2006,,,29,P1,,1968,leem-klei,wheat,wheat,"6,189",6.19,,5.9,105.4,,,7,74.2,,181,749,1429,5.8,27.7,25.6,21.9,8.5,0.9,12.3
92,Frankrijk,Toulouse,Toulouse,2006,,,30,P4,,1968,leem-klei,wheat,wheat,"6,214",6.21,,5.9,105.9,,,24,163.3,,246,731,1493,7.9,27.1,26.7,29.5,22.5,1.6,43.8
93,Frankrijk,Toulouse,Toulouse,2006,,,31,P0,,1968,leem-klei,wheat,wheat,"5,117",5.12,,5.9,87.2,,,6.1,65.2,,171,754,1329,5.5,27.9,23.8,21.3,5.9,0.9,26
94,Frankrijk,Toulouse,Toulouse,2006,,,32,P2,,1968,leem-klei,wheat,wheat,"5,693",5.69,,5.9,97,,,8.7,89.4,,204,802,1444,6.6,29.7,25.9,23.7,9,1,12.2
95,Verenigd Koninkrijk,Rothamsted,Rothamsted exhaustion land 2-1,2008,,,11,P3,0-23,1986,zandleem,wheat,wheat,9.8,9.8,,9.8,100,,,16.8,38.2,,193,969,2946,6.2,35.9,52.8,14.1,17.7,0.9,18.3
96,Verenigd Koninkrijk,Rothamsted,Rothamsted exhaustion land 2-1,2008,,,12,P2,0-23,1986,zandleem,wheat,wheat,9.28,9.28,,9.8,94.7,,,11.6,33.3,,177,1006,3171,5.7,37.3,56.8,12.1,14.9,0.8,13.3
97,Verenigd Koninkrijk,Rothamsted,Rothamsted exhaustion land 2-1,2008,,,13,P1,0-23,1986,zandleem,wheat,wheat,8.96,8.96,,9.8,91.4,,,6.7,28.1,,154,1056,3194,5,39.1,57.2,10.4,10.3,0.8,10.4
98,Verenigd Koninkrijk,Rothamsted,Rothamsted exhaustion land 2-1,2008,,,14,P0,0-23,1986,zandleem,wheat,wheat,3.41,3.41,,9.8,34.8,,,1.7,11.4,,117,1003,3061,3.8,37.2,54.8,8.2,4.8,0.6,4.2
99,Verenigd Koninkrijk,Rothamsted,Rothamsted exhaustion land 2-3,2008,,,31,P3,0-23,1986,zandleem,wheat,wheat,10.84,10.84,,10.8,100,,,31,85.2,,253,1013,3062,8.2,37.6,54.8,17.7,33.2,1.5,37.2
100,Verenigd Koninkrijk,Rothamsted,Rothamsted exhaustion land 2-3,2008,,,32,P2,0-23,1986,zandleem,wheat,wheat,10.53,10.53,,10.8,97.1,,,22.1,90.8,,221,902,2751,7.1,33.4,49.3,17.3,25,1.5,35.8
101,Verenigd Koninkrijk,Rothamsted,Rothamsted exhaustion land 2-3,2008,,,33,P1,0-23,1986,zandleem,wheat,wheat,10.21,10.21,,10.8,94.2,,,13.7,54.5,,203,1013,3062,6.5,37.5,54.8,14.2,16.7,1.1,21.1
102,Verenigd Koninkrijk,Rothamsted,Rothamsted exhaustion land 2-3,2008,,,34,P0,0-23,1986,zandleem,wheat,wheat,7.5,7.5,,10.8,69.2,,,3.7,20.4,,91,695,1966,3,25.8,35.2,9.7,6.5,0.7,5.4
103,Verenigd Koninkrijk,Rothamsted,Rothamsted exhaustion land 2-5,2008,,,51,P3,0-23,1986,zandleem,wheat,wheat,10.31,10.31,,10.3,100,,,19.5,43.9,,157,799,2336,5.1,29.6,41.8,14.2,15.4,1,19
104,Verenigd Koninkrijk,Rothamsted,Rothamsted exhaustion land 2-5,2008,,,52,P2,0-23,1986,zandleem,wheat,wheat,10.23,10.23,,10.3,99.2,,,13.4,35.5,,126,710,2157,4.1,26.3,38.6,12.5,13.6,0.8,13.7
105,Verenigd Koninkrijk,Rothamsted,Rothamsted exhaustion land 2-5,2008,,,53,P1,0-23,1986,zandleem,wheat,wheat,8.95,8.95,,10.3,86.8,,,8.3,25.6,,154,1088,3138,5,40.3,56.2,10.3,10.1,0.7,15.6
106,Verenigd Koninkrijk,Rothamsted,Rothamsted exhaustion land 2-5,2008,,,54,P0,0-23,1986,zandleem,wheat,wheat,2.83,2.83,,10.3,27.4,,,1.5,6.2,,103,1086,3165,3.3,40.2,56.7,6.9,3.3,0.5,6.3
107,Verenigd Koninkrijk,Rothamsted,Rothamsted exhaustion land 2-7,2008,,,71,P3,0-23,1986,zandleem,wheat,wheat,10.9,10.9,,10.9,100,,,28.3,72.3,,249,1073,3277,8,39.8,58.7,16.3,27.3,1.1,31
108,Verenigd Koninkrijk,Rothamsted,Rothamsted exhaustion land 2-7,2008,,,72,P2,0-23,1986,zandleem,wheat,wheat,10.56,10.56,,10.9,96.9,,,23.7,81.1,,273,1092,3429,8.8,40.5,61.4,17.3,24,1.3,27.1
109,Verenigd Koninkrijk,Rothamsted,Rothamsted exhaustion land 2-7,2008,,,73,P1,0-23,1986,zandleem,wheat,wheat,9.71,9.71,,10.9,89.1,,,14.9,53.9,,214,1126,3167,6.9,41.7,56.7,14,16.1,1,14.1
110,Verenigd Koninkrijk,Rothamsted,Rothamsted exhaustion land 2-7,2008,,,74,P0,0-23,1986,zandleem,wheat,wheat,6.73,6.73,,10.9,61.7,,,4.1,15.2,,125,1138,3012,4,42.2,53.9,8.4,5.7,0.6,4.2
111,Verenigd Koninkrijk,Rothamsted,Rothamsted exhaustion land 2-9,2008,,,91,P3,0-23,1986,zandleem,wheat,wheat,10.45,10.45,,10.5,100,,,32.9,93,,304,1135,3356,9.8,42.1,60.1,19.2,31.9,1.4,38.3
112,Verenigd Koninkrijk,Rothamsted,Rothamsted exhaustion land 2-9,2008,,,92,P2,0-23,1986,zandleem,wheat,wheat,10.2,10.2,,10.5,97.6,,,25.7,101.6,,296,1089,3720,9.5,40.3,66.6,17.9,25.4,1.6,32.3
113,Verenigd Koninkrijk,Rothamsted,Rothamsted exhaustion land 2-9,2008,,,93,P1,0-23,1986,zandleem,wheat,wheat,10.07,10.07,,10.5,96.4,,,13.6,61.3,,202,1127,3127,6.5,41.8,56,13.3,16.2,1,15.1
114,Verenigd Koninkrijk,Rothamsted,Rothamsted exhaustion land 2-9,2008,,,94,P0,0-23,1986,zandleem,wheat,wheat,6.53,6.53,,10.5,62.5,,,4.1,25,,138,1125,3026,4.5,41.7,54.2,9.3,5.8,0.6,7.4
115,Verenigd Koninkrijk,Rothamsted,Rothamsted exhaustion land 1-1,1999,,,11,P3,0-23,1986,zandleem,wheat,wheat,5.74,5.74,,5.7,100,,,16.2,45.6,,211,1004,2892,6.8,37.2,51.8,15.3,20.1,0.9,19.9
116,Verenigd Koninkrijk,Rothamsted,Rothamsted exhaustion land 1-1,1999,,,12,P2,0-23,1986,zandleem,wheat,wheat,5.59,5.59,,5.7,97.4,,,9.2,28.2,,175,1017,2961,5.7,37.7,53,12.5,13.8,0.9,10.6
117,Verenigd Koninkrijk,Rothamsted,Rothamsted exhaustion land 1-1,1999,,,13,P1,0-23,1986,zandleem,wheat,wheat,4.76,4.76,,5.7,82.9,,,4,20.6,,149,1070,3101,4.8,39.7,55.5,10.1,6.9,0.8,5.3
118,Verenigd Koninkrijk,Rothamsted,Rothamsted exhaustion land 1-1,1999,,,14,P0,0-23,1986,zandleem,wheat,wheat,0.88,0.88,,5.7,15.3,,,1.8,12.4,,132,1052,3098,4.3,39,55.5,9,4.2,0.6,4.3
119,Verenigd Koninkrijk,Rothamsted,Rothamsted exhaustion land 1-3,1999,,,31,P3,0-23,1986,zandleem,wheat,wheat,7.44,7.44,,7.4,100,,,27.8,96.3,,275,980,2763,8.9,36.3,49.5,20.7,34,1.7,42
120,Verenigd Koninkrijk,Rothamsted,Rothamsted exhaustion land 1-3,1999,,,32,P2,0-23,1986,zandleem,wheat,wheat,7.24,7.24,,7.4,97.3,,,17.6,81.2,,253,1005,2937,8.2,37.3,52.6,18.2,23.7,1.4,27.8
121,Verenigd Koninkrijk,Rothamsted,Rothamsted exhaustion land 1-3,1999,,,33,P1,0-23,1986,zandleem,wheat,wheat,6.75,6.75,,7.4,90.7,,,8.4,50.6,,204,992,2851,6.6,36.8,51,15,12.8,1.1,15.7
122,Verenigd Koninkrijk,Rothamsted,Rothamsted exhaustion land 1-3,1999,,,34,P0,0-23,1986,zandleem,wheat,wheat,5.16,5.16,,7.4,69.4,,,3.8,32.9,,149,985,2725,4.8,36.5,48.8,11.3,7.2,1,5.8
123,Verenigd Koninkrijk,Rothamsted,Rothamsted exhaustion land 1-5,1999,,,51,P3,0-23,1986,zandleem,wheat,wheat,7.4,7.4,,7.4,100,,,18.2,40.8,,202,1037,2793,6.5,38.4,50,14.7,19.1,0.8,18.2
124,Verenigd Koninkrijk,Rothamsted,Rothamsted exhaustion land 1-5,1999,,,52,P2,0-23,1986,zandleem,wheat,wheat,6.89,6.89,,7.4,93.1,,,11.2,43.1,,190,1069,3066,6.1,39.6,54.9,13,15.8,0.9,12.2
125,Verenigd Koninkrijk,Rothamsted,Rothamsted exhaustion land 1-5,1999,,,53,P1,0-23,1986,zandleem,wheat,wheat,5.86,5.86,,7.4,79.2,,,4.6,19.8,,143,1096,2920,4.6,40.6,52.3,9.9,7.1,0.8,6.4
126,Verenigd Koninkrijk,Rothamsted,Rothamsted exhaustion land 1-5,1999,,,54,P0,0-23,1986,zandleem,wheat,wheat,1.67,1.67,,7.4,22.6,,,2.4,7.5,,105,1083,2856,3.4,40.2,51.1,7.4,6,0.5,5.4
127,Verenigd Koninkrijk,Rothamsted,Rothamsted exhaustion land 1-7,1999,,,71,P3,0-23,1986,zandleem,wheat,wheat,7.59,7.59,,7.6,100,,,24.6,99,,265,1043,3060,8.6,38.7,54.8,18.3,29.7,1.3,29.8
128,Verenigd Koninkrijk,Rothamsted,Rothamsted exhaustion land 1-7,1999,,,72,P2,0-23,1986,zandleem,wheat,wheat,7.51,7.51,,7.6,98.9,,,21.2,89.6,,250,1074,3304,8.1,39.8,59.2,16.3,20.8,1.3,21.2
129,Verenigd Koninkrijk,Rothamsted,Rothamsted exhaustion land 1-7,1999,,,73,P1,0-23,1986,zandleem,wheat,wheat,6.74,6.74,,7.6,88.8,,,8,58.3,,205,1202,3317,6.6,44.5,59.4,12.7,10.1,0.9,8.6
130,Verenigd Koninkrijk,Rothamsted,Rothamsted exhaustion land 1-7,1999,,,74,P0,0-23,1986,zandleem,wheat,wheat,3.88,3.88,,7.6,51.1,,,3.6,27,,149,1154,3166,4.8,42.8,56.7,9.7,5.2,0.8,6.9
131,Verenigd Koninkrijk,Rothamsted,Rothamsted exhaustion land 1-9,1999,,,91,P3,0-23,1986,zandleem,wheat,wheat,7.07,7.07,,7.1,100,,,31.6,105.1,,292,1105,3141,9.4,41,56.2,19.4,29.9,1.5,36.2
132,Verenigd Koninkrijk,Rothamsted,Rothamsted exhaustion land 1-9,1999,,,92,P2,0-23,1986,zandleem,wheat,wheat,7.57,7.57,,7.1,107.1,,,21.8,105.1,,276,1061,3253,8.9,39.3,58.2,18.3,22.7,2.4,26.7
133,Verenigd Koninkrijk,Rothamsted,Rothamsted exhaustion land 1-9,1999,,,93,P1,0-23,1986,zandleem,wheat,wheat,6.57,6.57,,7.1,92.9,,,9.2,58.8,,201,1133,3059,6.5,42,54.8,13.4,10.9,0.9,8.7
134,Verenigd Koninkrijk,Rothamsted,Rothamsted exhaustion land 1-9,1999,,,94,P0,0-23,1986,zandleem,wheat,wheat,3.97,3.97,,7.1,56.2,,,3.4,33,,142,1109,2845,4.6,41.1,50.9,9.9,6.2,0.8,5.7
135,Verenigd Koninkrijk,Saxmundham,Saxmundham 2,1982,,,115,,0-9,1994,klei,wheat,wheat,6.87,6.87,,11,62.6,,,5,45.5,,116,701,1518,3.7,26,27.2,14.1,4.6,1.1,8
136,Verenigd Koninkrijk,Saxmundham,Saxmundham 2,1982,,,116,,0-9,1994,klei,wheat,wheat,9.19,9.19,,11,83.8,,,9.2,34.3,,120,687,1531,3.9,25.5,27.4,14.7,9.3,1.2,11.1
137,Verenigd Koninkrijk,Saxmundham,Saxmundham 2,1982,,,214,,0-9,1994,klei,wheat,wheat,9.92,9.92,,11,90.4,,,11,54.4,,148,747,1549,4.8,27.7,27.7,17.2,11.7,1.5,11
138,Verenigd Koninkrijk,Saxmundham,Saxmundham 2,1982,,,216,,0-9,1994,klei,wheat,wheat,8.45,8.45,,11,77,,,5,29.5,,115,710,1579,3.7,26.3,28.3,13.6,7.1,1.3,8.2
139,Verenigd Koninkrijk,Saxmundham,Saxmundham 2,1982,,,311,,0-9,1994,klei,wheat,wheat,10.26,10.26,,11,93.5,,,10.6,54.8,,154,611,1569,5,22.6,28.1,19.7,12.7,1.4,13.5
140,Verenigd Koninkrijk,Saxmundham,Saxmundham 2,1982,,,320,,0-9,1994,klei,wheat,wheat,10.65,10.65,,11,97.1,,,20.6,72.4,,195,630,1744,6.3,23.4,31.2,23.1,19.4,1.7,25.5
141,Verenigd Koninkrijk,Saxmundham,Saxmundham 2,1982,,,412,,0-9,1994,klei,wheat,wheat,10.9,10.9,,11,99.4,,,39.2,145.6,,248,605,1589,8,22.4,28.5,31.5,33.6,2.6,82
142,Verenigd Koninkrijk,Saxmundham,Saxmundham 2,1982,,,420,,0-9,1994,klei,wheat,wheat,10.65,10.65,,11,97.1,,,20.6,77.5,,197,606,1662,6.4,22.5,29.8,24.4,19.3,2.1,36.2
143,Verenigd Koninkrijk,Saxmundham,Saxmundham 2,1982,,,515,,0-9,1994,klei,wheat,wheat,10.83,10.83,,11,98.7,,,23,95.3,,205,604,1597,6.6,22.4,28.6,26,19,1.8,30.1
144,Verenigd Koninkrijk,Saxmundham,Saxmundham 2,1982,,,516,,0-9,1994,klei,wheat,wheat,10.95,10.95,,11,99.8,,,41.2,130.1,,246,591,1487,8,21.9,26.6,32.8,34.2,2.7,73.9
145,Verenigd Koninkrijk,Saxmundham,Saxmundham 2,1982,,,613,,0-9,1994,klei,wheat,wheat,10.9,10.9,,11,99.4,,,24.4,95.5,,210,624,1658,6.8,23.1,29.7,25.7,22.5,2,51
146,Verenigd Koninkrijk,Saxmundham,Saxmundham 2,1982,,,618,,0-9,1994,klei,wheat,wheat,10.97,10.97,,11,100,,,30.6,96.7,,219,578,1566,7.1,21.4,28.1,28.6,29.7,2.3,61.7
147,Verenigd Koninkrijk,Saxmundham,Saxmundham 2,1982,,,711,,0-9,1994,klei,wheat,wheat,10.9,10.9,,11,99.4,,,33.6,127.1,,238,620,1660,7.7,23,29.7,29.2,32.9,2.2,49.2
148,Verenigd Koninkrijk,Saxmundham,Saxmundham 2,1982,,,716,,0-9,1994,klei,wheat,wheat,10.84,10.84,,11,98.8,,,25,103.3,,223,643,1686,7.2,23.8,30.2,26.6,22.8,2,38.4
149,Verenigd Koninkrijk,Saxmundham,Saxmundham 2,1982,,,813,,0-9,1994,klei,wheat,wheat,10.63,10.63,,11,96.9,,,23.4,96.3,,207,653,1652,6.7,24.2,29.6,24.8,19.9,1.8,28.7
150,Verenigd Koninkrijk,Saxmundham,Saxmundham 2,1982,,,820,,0-9,1994,klei,wheat,wheat,9.6,9.6,,11,87.5,,,15,60.8,,181,642,1673,5.8,23.8,30,21.7,13.5,1.7,25.3
151,Verenigd Koninkrijk,Saxmundham,Saxmundham 1,1978,,,115,,0-9,1994,klei,wheat,wheat,4.06,4.06,,8.7,46.7,,,4,48.4,,114,613,1397,3.7,22.7,25,15.5,5.4,0.9,7.8
152,Verenigd Koninkrijk,Saxmundham,Saxmundham 1,1978,,,116,,0-9,1994,klei,wheat,wheat,6.8,6.8,,8.7,78.3,,,7.6,41.9,,115,639,1534,3.7,23.7,27.5,14.6,7.7,1,11.5
153,Verenigd Koninkrijk,Saxmundham,Saxmundham 1,1978,,,120,,0-9,1994,klei,wheat,wheat,7.86,7.86,,8.7,90.4,,,8.2,39.7,,126,623,1655,4.1,23.1,29.6,15.4,8.8,1.2,11.4
154,Verenigd Koninkrijk,Saxmundham,Saxmundham 1,1978,,,214,,0-9,1994,klei,wheat,wheat,7.14,7.14,,8.7,82.2,,,7.4,55.7,,131,630,1416,4.2,23.3,25.3,17.3,8.7,1.2,3.8
155,Verenigd Koninkrijk,Saxmundham,Saxmundham 1,1978,,,216,,0-9,1994,klei,wheat,wheat,6.34,6.34,,8.7,73,,,5.6,46.3,,113,600,1423,3.6,22.3,25.5,15.3,6.7,1.2,10.8
156,Verenigd Koninkrijk,Saxmundham,Saxmundham 1,1978,,,311,,0-9,1994,klei,wheat,wheat,8.29,8.29,,8.7,95.4,,,16.6,60.4,,172,630,1542,5.5,23.3,27.6,21.8,16.6,1.4,24.8
157,Verenigd Koninkrijk,Saxmundham,Saxmundham 1,1978,,,317,,0-9,1994,klei,wheat,wheat,8.19,8.19,,8.7,94.2,,,20,64,,187,634,1681,6,23.5,30.1,22.5,20,1.7,36.1
158,Verenigd Koninkrijk,Saxmundham,Saxmundham 1,1978,,,320,,0-9,1994,klei,wheat,wheat,8.57,8.57,,8.7,98.6,,,17,65.3,,184,617,1638,5.9,22.9,29.3,22.7,17.4,1.7,26.8
159,Verenigd Koninkrijk,Saxmundham,Saxmundham 1,1978,,,411,,0-9,1994,klei,wheat,wheat,8.15,8.15,,8.7,93.8,,,30.6,103.4,,227,620,1628,7.3,23,29.1,28.2,30.9,2.1,57.5
160,Verenigd Koninkrijk,Saxmundham,Saxmundham 1,1978,,,412,,0-9,1994,klei,wheat,wheat,6.94,6.94,,8.7,79.9,,,33.2,139.5,,234,581,1633,7.6,21.6,29.2,29.8,32.6,2.4,62.8
161,Verenigd Koninkrijk,Saxmundham,Saxmundham 1,1978,,,420,,0-9,1994,klei,wheat,wheat,8.32,8.32,,8.7,95.7,,,21,76.9,,189,555,1511,6.1,20.6,27.1,25.6,22.2,1.7,45.1
162,Verenigd Koninkrijk,Saxmundham,Saxmundham 1,1978,,,515,,0-9,1994,klei,wheat,wheat,8.12,8.12,,8.7,93.4,,,31,114,,219,652,1621,7.1,24.2,29,26.6,28.5,1.9,50.9
163,Verenigd Koninkrijk,Saxmundham,Saxmundham 1,1978,,,516,,0-9,1994,klei,wheat,wheat,8.69,8.69,,8.7,100,,,36,140.6,,240,595,1631,7.7,22.1,29.2,30.2,36.6,2.4,73.7
164,Verenigd Koninkrijk,Saxmundham,Saxmundham 1,1978,,,518,,0-9,1994,klei,wheat,wheat,8.67,8.67,,8.7,99.8,,,38.4,129.6,,260,615,1691,8.4,22.8,30.3,31.6,38.9,2.5,96.9
165,Verenigd Koninkrijk,Saxmundham,Saxmundham 1,1978,,,613,,0-9,1994,klei,wheat,wheat,7.86,7.86,,8.7,90.4,,,30.2,105.3,,235,650,1810,7.6,24.1,32.4,26.9,28.6,2.1,60.8
166,Verenigd Koninkrijk,Saxmundham,Saxmundham 1,1978,,,618,,0-9,1994,klei,wheat,wheat,8.2,8.2,,8.7,94.4,,,29,94.9,,221,631,1718,7.1,23.4,30.8,26.3,23.6,2.1,50.8
167,Verenigd Koninkrijk,Saxmundham,Saxmundham 1,1978,,,711,,0-9,1994,klei,wheat,wheat,8.11,8.11,,8.7,93.3,,,36,131.6,,251,618,1680,8.1,22.9,30.1,30.6,19.7,2.2,67.4
168,Verenigd Koninkrijk,Saxmundham,Saxmundham 1,1978,,,716,,0-9,1994,klei,wheat,wheat,8.43,8.43,,8.7,97,,,30.8,124.3,,245,625,1743,7.9,23.2,31.2,29.1,29.2,2.4,51.2
169,Verenigd Koninkrijk,Saxmundham,Saxmundham 1,1978,,,813,,0-9,1994,klei,wheat,wheat,7.12,7.12,,8.7,81.9,,,22.4,86.2,,209,662,1640,6.7,24.5,29.4,25,20.4,1.8,35.2
170,Verenigd Koninkrijk,Saxmundham,Saxmundham 1,1978,,,820,,0-9,1994,klei,wheat,wheat,7.92,7.92,,8.7,91.1,,,18.2,84.6,,203,662,1816,6.5,24.5,32.5,23,21.6,1.7,26.7
207,Verenigd Koninkrijk,Peldon,Peldon,2011,,,1,R1D1,0-25,2009,klei,wheat,wheat,9.33,9.33,,9.3,100,,,45.6,95.6,,244,666,3885,7.9,24.7,69.6,16.7,41.6,2.4,101.5
208,Verenigd Koninkrijk,Peldon,Peldon,2011,,,2,R1D2,0-25,2009,klei,wheat,wheat,7.85,7.85,,9.3,84.1,,,11.4,44.7,,144,633,3319,4.7,23.4,59.4,11.2,14.2,1.4,32.1
209,Verenigd Koninkrijk,Peldon,Peldon,2011,,,3,R2D3,0-25,2009,klei,wheat,wheat,8.19,8.19,,9.3,87.8,,,13,39.4,,136,677,3213,4.4,25.1,57.5,10.6,12.3,1.6,24.9
210,Verenigd Koninkrijk,Peldon,Peldon,2011,,,4,R1D4,0-25,2009,klei,wheat,wheat,8.63,8.63,,9.3,92.5,,,16.2,28.3,,127,687,3494,4.1,25.5,62.6,9.3,10.2,1.3,19.1
211,Verenigd Koninkrijk,Peldon,Peldon,2011,,,5,R1D5,0-25,2009,klei,wheat,wheat,8.55,8.55,,9.3,91.6,,,33,109.6,,168,636,3378,5.4,23.6,60.5,12.9,20.6,1.6,37.6
212,Verenigd Koninkrijk,Peldon,Peldon,2011,,,6,R1D6,0-25,2009,klei,wheat,wheat,8.11,8.11,,9.3,86.9,,,11,53.3,,148,623,3343,4.8,23.1,59.9,11.5,13.4,1.5,29.7
213,Verenigd Koninkrijk,Peldon,Peldon,2011,,,7,R1D7,0-25,2009,klei,wheat,wheat,8.2,8.2,,9.3,87.9,,,34.6,75.6,,209,655,3544,6.8,24.3,63.5,15.4,34.9,2.2,72.7
214,Verenigd Koninkrijk,Peldon,Peldon,2011,,,8,R1D8,0-25,2009,klei,wheat,wheat,7.85,7.85,,9.3,84.1,,,11.6,29,,126,670,3251,4.1,24.8,58.2,9.8,10.6,1.4,19.6
215,Verenigd Koninkrijk,Peldon,Peldon,2011,,,9,R1D9,0-25,2009,klei,wheat,wheat,7.64,7.64,,9.3,81.9,,,14.4,42.9,,159,695,3646,5.1,25.8,65.3,11.3,15.5,1.4,27
216,Verenigd Koninkrijk,Peldon,Peldon,2011,,,10,R2D1,0-25,2009,klei,wheat,wheat,9.27,9.27,,9.3,99.4,,,38.6,103.6,,219,638,3399,7.1,23.6,60.9,16.8,37.3,2.4,87.6
217,Verenigd Koninkrijk,Peldon,Peldon,2011,,,11,R2D2,0-25,2009,klei,wheat,wheat,7.91,7.91,,9.3,84.8,,,8.4,38.5,,154,663,3580,5,24.6,64.1,11.2,13.7,1.6,27.6
218,Verenigd Koninkrijk,Peldon,Peldon,2011,,,12,R2D3,0-25,2009,klei,wheat,wheat,8.77,8.77,,9.3,94,,,34.2,79,,200,670,3419,6.5,24.8,61.2,15,33.1,2.1,68.1
219,Verenigd Koninkrijk,Peldon,Peldon,2011,,,13,R2D4,0-25,2009,klei,wheat,wheat,7.58,7.58,,9.3,81.2,,,11.2,31.9,,148,659,3730,4.8,24.4,66.8,10.5,12.2,1.5,25.6
220,Verenigd Koninkrijk,Peldon,Peldon,2011,,,14,R2D5,0-25,2009,klei,wheat,wheat,8.23,8.23,,9.3,88.2,,,18.4,102.4,,209,654,3628,6.8,24.2,65,15.2,32.1,2.3,78.2
221,Verenigd Koninkrijk,Peldon,Peldon,2011,,,15,R2D6,0-25,2009,klei,wheat,wheat,6.73,6.73,,9.3,72.1,,,9,42.5,,164,617,3578,5.3,22.9,64.1,12.1,18.5,1.8,42.5
222,Verenigd Koninkrijk,Peldon,Peldon,2011,,,16,R2D7,0-25,2009,klei,wheat,wheat,6.73,6.73,,9.3,72.1,,,9.4,35.5,,168,632,3691,5.4,23.4,66.1,12.1,14.9,1.4,31.1
223,Verenigd Koninkrijk,Peldon,Peldon,2011,,,17,R2D8,0-25,2009,klei,wheat,wheat,7.76,7.76,,9.3,83.2,,,12.2,33.3,,146,719,3728,4.7,26.6,66.8,10.1,12.7,1.5,27.5
224,Verenigd Koninkrijk,Peldon,Peldon,2011,,,18,R2D9,0-25,2009,klei,wheat,wheat,6.48,6.48,,9.3,69.5,,,6.8,33.2,,124,665,3477,4,24.6,62.3,9.2,9.7,1,15.9
225,Verenigd Koninkrijk,Great Carlton,Great Carlton,2011,,,1,R1D1,0-22,2009,leem-klei,wheat,wheat,8.33,8.33,,9,92.8,,,10.6,40.3,,185,618,2445,6,22.9,43.8,17.9,12.8,1.5,24.7
226,Verenigd Koninkrijk,Great Carlton,Great Carlton,2011,,,2,R1D2,0-22,2009,leem-klei,wheat,wheat,8.92,8.92,,9,99.3,,,14.4,53.2,,183,593,2456,5.9,22,44,18,15.1,1.5,30.6
227,Verenigd Koninkrijk,Great Carlton,Great Carlton,2011,,,3,R2D3,0-22,2009,leem-klei,wheat,wheat,6.78,6.78,,9,75.5,,,11,31.3,,162,582,2246,5.2,21.6,40.2,16.9,12.2,1.2,21.3
228,Verenigd Koninkrijk,Great Carlton,Great Carlton,2011,,,4,R1D4,0-22,2009,leem-klei,wheat,wheat,8.98,8.98,,9,100,,,20.8,61.2,,208,591,2313,6.7,21.9,41.4,21.2,20,1.9,54.1
229,Verenigd Koninkrijk,Great Carlton,Great Carlton,2011,,,5,R1D5,0-22,2009,leem-klei,wheat,wheat,7.56,7.56,,9,84.2,,,8.6,26.6,,147,574,2424,4.7,21.3,43.4,14.7,9.8,1.1,15.5
230,Verenigd Koninkrijk,Great Carlton,Great Carlton,2011,,,6,R1D6,0-22,2009,leem-klei,wheat,wheat,6.71,6.71,,9,74.7,,,7.6,26.8,,147,606,2412,4.8,22.5,43.2,14.5,10,1.2,18
231,Verenigd Koninkrijk,Great Carlton,Great Carlton,2011,,,7,R1D7,0-22,2009,leem-klei,wheat,wheat,8.6,8.6,,9,95.8,,,25.2,68.6,,216,616,2286,7,22.8,40.9,21.9,22.9,2.1,49.2
232,Verenigd Koninkrijk,Great Carlton,Great Carlton,2011,,,8,R1D8,0-22,2009,leem-klei,wheat,wheat,6.91,6.91,,9,76.9,,,8.6,28.4,,167,582,2612,5.4,21.6,46.8,15.7,10.5,1.4,18.3
233,Verenigd Koninkrijk,Great Carlton,Great Carlton,2011,,,9,R1D9,0-22,2009,leem-klei,wheat,wheat,7.02,7.02,,9,78.2,,,13.4,44.1,,168,623,2362,5.4,23.1,42.3,16.6,13.4,1.8,26.9
234,Verenigd Koninkrijk,Great Carlton,Great Carlton,2011,,,10,R2D1,0-22,2009,leem-klei,wheat,wheat,6.93,6.93,,9,77.2,,,7.6,29.8,,158,637,2483,5.1,23.6,44.5,15,10.4,1.5,20.4
235,Verenigd Koninkrijk,Great Carlton,Great Carlton,2011,,,11,R2D2,0-22,2009,leem-klei,wheat,wheat,6.94,6.94,,9,77.3,,,7.8,26,,150,562,2564,4.8,20.8,45.9,14.5,9.6,1.5,18.7
236,Verenigd Koninkrijk,Great Carlton,Great Carlton,2011,,,12,R2D3,0-22,2009,leem-klei,wheat,wheat,6.91,6.91,,9,76.9,,,7.2,25.9,,150,627,2427,4.8,23.2,43.5,14.5,9.9,1.2,14.9
237,Verenigd Koninkrijk,Great Carlton,Great Carlton,2011,,,13,R2D4,0-22,2009,leem-klei,wheat,wheat,8.1,8.1,,9,90.2,,,26.4,68.3,,221,631,2441,7.1,23.4,43.7,21.2,23.7,2.1,55
238,Verenigd Koninkrijk,Great Carlton,Great Carlton,2011,,,14,R2D5,0-22,2009,leem-klei,wheat,wheat,7.29,7.29,,9,81.2,,,8,27.5,,157,600,2525,5.1,22.2,45.2,15,9.1,1.3,15.7
239,Verenigd Koninkrijk,Great Carlton,Great Carlton,2011,,,15,R2D6,0-22,2009,leem-klei,wheat,wheat,8.06,8.06,,9,89.8,,,10.6,38.3,,159,581,2226,5.1,21.5,39.9,16.8,11.8,1.4,19.9
240,Verenigd Koninkrijk,Great Carlton,Great Carlton,2011,,,16,R2D7,0-22,2009,leem-klei,wheat,wheat,8.87,8.87,,9,98.8,,,27.4,76.1,,220,603,2241,7.1,22.4,40.1,22.7,27.3,1.9,51.4
241,Verenigd Koninkrijk,Great Carlton,Great Carlton,2011,,,17,R2D8,0-22,2009,leem-klei,wheat,wheat,8.1,8.1,,9,90.2,,,8.4,64.6,,159,562,2221,5.1,20.8,39.8,17,10.7,1.4,17.4
242,Verenigd Koninkrijk,Great Carlton,Great Carlton,2011,,,18,R2D9,0-22,2009,leem-klei,wheat,wheat,8.79,8.79,,9,97.9,,,12.2,41.3,,168,577,2357,5.4,21.4,42.2,17,13,1.4,22.3
243,Zweden,Lanna,Lanna,2013,,,1,no P,0-20,1936,leem-klei,wheat,wheat,4.94,4.94,,6.8,72.9,,,16,24.2,,249,1087,3737,8.1,40.3,66.9,15,8.1,1.1,11.6
244,Zweden,Lanna,Lanna,2013,,,2,superP,0-20,1936,leem-klei,wheat,wheat,6.78,6.78,,6.8,100,,,32,46.6,,319,1102,3729,10.3,40.8,66.8,19.1,16.6,1.3,23.2
245,Zweden,Lanna,Lanna,2013,,,3,superP om de 6 jaar,0-20,1936,leem-klei,wheat,wheat,6.41,6.41,,6.8,94.5,,,29,39.6,,294,1103,3687,9.5,40.9,66,17.7,14,1.2,18
246,België,Ath,Ath_2,1982,,,965-12,P0,0-25,1965,,wheat,winterwheat,5.94,5.94,,6.3,94.7,,94.7,8,104.3,,289,506,2325,9.3,18.8,41.6,30.9,27.3,2,127.1
247,België,Ath,Ath_2,1982,,,965-15,P1,0-25,1965,,wheat,winterwheat,5.95,5.95,,6.3,94.9,,94.9,13,143.8,,333,499,2223,10.7,18.5,39.8,36.8,49.5,4.3,460.2
248,België,Ath,Ath_2,1982,,,965-18,P2,0-25,1965,,wheat,winterwheat,6.25,6.25,,6.3,99.6,,99.6,22,255.9,,421,503,2161,13.6,18.6,38.7,47.4,76.4,10.1,1129.9
249,België,Ath,Ath_2,1982,,,965-23,P4,0-25,1965,,wheat,winterwheat,6.27,6.27,,6.3,100,,100,27,285.3,,462,490,2235,14.9,18.2,40,51.3,98.8,14,1551.5
246,België,Ath,Ath_0,1980,,,965-12,P0,0-25,1965,,barley,winterbarley,5.98,5.98,,6.7,89.8,,89.8,8,104.3,,289,506,2325,9.3,18.8,41.6,30.9,27.3,2,127.1
247,België,Ath,Ath_0,1980,,,965-15,P1,0-25,1965,,barley,winterbarley,6.1,6.1,,6.7,91.5,,91.5,13,143.8,,333,499,2223,10.7,18.5,39.8,36.8,49.5,4.3,460.2
248,België,Ath,Ath_0,1980,,,965-18,P2,0-25,1965,,barley,winterbarley,6.27,6.27,,6.7,94.2,,94.2,22,255.9,,421,503,2161,13.6,18.6,38.7,47.4,76.4,10.1,1129.9
249,België,Ath,Ath_0,1980,,,965-23,P4,0-25,1965,,barley,winterbarley,6.66,6.66,,6.7,100,,100,27,285.3,,462,490,2235,14.9,18.2,40,51.3,98.8,14,1551.5
246,België,Ath,Ath_1,1981,,,965-12,P0,0-25,1965,,potatoes,potatoes,20.49,20.49,,35.1,58.4,,58.4,8,104.3,,289,506,2325,9.3,18.8,41.6,30.9,27.3,2,127.1
247,België,Ath,Ath_1,1981,,,965-15,P1,0-25,1965,,potatoes,potatoes,29.05,29.05,,35.1,82.8,,82.8,13,143.8,,333,499,2223,10.7,18.5,39.8,36.8,49.5,4.3,460.2
248,België,Ath,Ath_1,1981,,,965-18,P2,0-25,1965,,potatoes,potatoes,33.62,33.62,,35.1,95.9,,95.9,22,255.9,,421,503,2161,13.6,18.6,38.7,47.4,76.4,10.1,1129.9
249,België,Ath,Ath_1,1981,,,965-23,P4,0-25,1965,,potatoes,potatoes,35.06,35.06,,35.1,100,,100,27,285.3,,462,490,2235,14.9,18.2,40,51.3,98.8,14,1551.5
246,België,Ath,Ath_3,1983,,,965-12,P0,0-25,1965,,barley,winterbarley,6.25,6.25,,6.6,94.8,,94.8,8,104.3,,289,506,2325,9.3,18.8,41.6,30.9,27.3,2,127.1
247,België,Ath,Ath_3,1983,,,965-15,P1,0-25,1965,,barley,winterbarley,6.27,6.27,,6.6,95.1,,95.1,13,143.8,,333,499,2223,10.7,18.5,39.8,36.8,49.5,4.3,460.2
248,België,Ath,Ath_3,1983,,,965-18,P2,0-25,1965,,barley,winterbarley,6.24,6.24,,6.6,94.7,,94.7,22,255.9,,421,503,2161,13.6,18.6,38.7,47.4,76.4,10.1,1129.9
249,België,Ath,Ath_3,1983,,,965-23,P4,0-25,1965,,barley,winterbarley,6.59,6.59,,6.6,100,,100,27,285.3,,462,490,2235,14.9,18.2,40,51.3,98.8,14,1551.5
250,België,Ath,Ath_5,1985,,,965-12,P0,0-25,1965,,wheat,winterwheat,7.61,7.61,,8,95.6,,95.6,10,92,,278,493,2191,9,18.3,39.2,31.2,26.9,2,118.5
251,België,Ath,Ath_5,1985,,,965-15,P1,0-25,1965,,wheat,winterwheat,7.67,7.67,,8,96.4,,96.4,15,149.2,,355,519,2277,11.5,19.2,40.8,38.2,46.4,4.5,488.7
252,België,Ath,Ath_5,1985,,,965-18,P2,0-25,1965,,wheat,winterwheat,7.52,7.52,,8,94.4,,94.4,24,235.5,,425,515,2177,13.7,19.1,39,47.3,73.1,10.3,1004.5
253,België,Ath,Ath_5,1985,,,965-22,P3,0-25,1965,,wheat,winterwheat,8.04,8.04,,8,101,,101,25,247,,452,547,2203,14.6,20.3,39.5,48.9,83.4,13.4,1425.7
254,België,Ath,Ath_5,1985,,,965-23,P4,0-25,1965,,wheat,winterwheat,7.96,7.96,,8,100,,100,33,316.4,,519,565,2362,16.8,21,42.3,53,81.9,16.5,1569
250,België,Ath,Ath_4,1984,,,965-12,P0,0-25,1965,,sugarbeet,sugarbeet,60.66,60.66,,65.4,92.7,,92.7,10,92,,278,493,2191,9,18.3,39.2,31.2,26.9,2,118.5
251,België,Ath,Ath_4,1984,,,965-15,P1,0-25,1965,,sugarbeet,sugarbeet,62.56,62.56,,65.4,95.6,,95.6,15,149.2,,355,519,2277,11.5,19.2,40.8,38.2,46.4,4.5,488.7
252,België,Ath,Ath_4,1984,,,965-18,P2,0-25,1965,,sugarbeet,sugarbeet,65.23,65.23,,65.4,99.6,,104.8,24,235.5,,425,515,2177,13.7,19.1,39,47.3,73.1,10.3,1004.5
253,België,Ath,Ath_4,1984,,,965-22,P3,0-25,1965,,sugarbeet,sugarbeet,65.44,65.44,,65.4,100,,100,25,247,,452,547,2203,14.6,20.3,39.5,48.9,83.4,13.4,1425.7
254,België,Ath,Ath_4,1984,,,965-23,P4,0-25,1965,,sugarbeet,sugarbeet,65.44,65.44,,65.4,100,,100,33,316.4,,519,565,2362,16.8,21,42.3,53,81.9,16.5,1569
250,België,Ath,Ath_6,1986,,,965-12,P0,0-25,1965,,barley,winterbarley,5.5,5.5,,6.6,84,,84,10,92,,278,493,2191,9,18.3,39.2,31.2,26.9,2,118.5
251,België,Ath,Ath_6,1986,,,965-15,P1,0-25,1965,,barley,winterbarley,6.04,6.04,,6.6,92.3,,92.3,15,149.2,,355,519,2277,11.5,19.2,40.8,38.2,46.4,4.5,488.7
252,België,Ath,Ath_6,1986,,,965-18,P2,0-25,1965,,barley,winterbarley,6.08,6.08,,6.6,92.8,,85.3,24,235.5,,425,515,2177,13.7,19.1,39,47.3,73.1,10.3,1004.5
253,België,Ath,Ath_6,1986,,,965-22,P3,0-25,1965,,barley,winterbarley,6.48,6.48,,6.6,98.9,,98.9,25,247,,452,547,2203,14.6,20.3,39.5,48.9,83.4,13.4,1425.7
254,België,Ath,Ath_6,1986,,,965-23,P4,0-25,1965,,barley,winterbarley,6.55,6.55,,6.6,100,,100,33,316.4,,519,565,2362,16.8,21,42.3,53,81.9,16.5,1569
250,België,Ath,Ath_7,1987,,,965-12,P0,0-25,1965,,sugarbeet,sugarbeet,68.34,68.34,,70,97.6,,97.6,10,92,,278,493,2191,9,18.3,39.2,31.2,26.9,2,118.5
251,België,Ath,Ath_7,1987,,,965-15,P1,0-25,1965,,sugarbeet,sugarbeet,67.69,67.69,,70,96.7,,96.7,15,149.2,,355,519,2277,11.5,19.2,40.8,38.2,46.4,4.5,488.7
252,België,Ath,Ath_7,1987,,,965-18,P2,0-25,1965,,sugarbeet,sugarbeet,68.42,68.42,,70,97.7,,97.7,24,235.5,,425,515,2177,13.7,19.1,39,47.3,73.1,10.3,1004.5
253,België,Ath,Ath_7,1987,,,965-22,P3,0-25,1965,,sugarbeet,sugarbeet,69.98,69.98,,70,99.9,,99.9,25,247,,452,547,2203,14.6,20.3,39.5,48.9,83.4,13.4,1425.7
254,België,Ath,Ath_7,1987,,,965-23,P4,0-25,1965,,sugarbeet,sugarbeet,70.03,70.03,,70,100,,100,33,316.4,,519,565,2362,16.8,21,42.3,53,81.9,16.5,1569
